"State","Source","Year","Emissions"
"New South Wales","Energy","1990"," 104,565 "
"New South Wales","Energy","1991"," 103,495 "
"New South Wales","Energy","1992"," 104,686 "
"New South Wales","Energy","1993"," 105,937 "
"New South Wales","Energy","1994"," 103,652 "
"New South Wales","Energy","1995"," 104,934 "
"New South Wales","Energy","1996"," 107,344 "
"New South Wales","Energy","1997"," 110,246 "
"New South Wales","Energy","1998"," 110,989 "
"New South Wales","Energy","1999"," 111,352 "
"New South Wales","Energy","2000"," 113,236 "
"New South Wales","Energy","2001"," 116,171 "
"New South Wales","Energy","2002"," 115,978 "
"New South Wales","Energy","2003"," 115,676 "
"New South Wales","Energy","2004"," 118,636 "
"New South Wales","Energy","2005"," 119,206 "
"New South Wales","Energy","2006"," 122,099 "
"New South Wales","Energy","2007"," 126,486 "
"New South Wales","Energy","2008"," 127,079 "
"New South Wales","Energy","2009"," 124,666 "
"New South Wales","Energy","2010"," 119,847 "
"New South Wales","Energy","2011"," 118,037 "
"New South Wales","Energy","2012"," 116,727 "
"New South Wales","Energy","2013"," 113,611 "
"New South Wales","Energy","2014"," 111,468 "
"New South Wales","Energy","2015"," 109,842 "
"New South Wales","Energy","2016"," 111,963 "
"New South Wales","Energy","2017"," 110,721 "
"New South Wales","Energy","2018"," 111,552 "
"New South Wales","Energy","2019"," 108,520 "
"New South Wales","Energy","2020"," 104,134 "
"New South Wales","Energy","2021"," 99,492 "
"New South Wales","Energy","2022"," 93,985 "
"New South Wales","Industrial Processes","1990"," 13,211 "
"New South Wales","Industrial Processes","1991"," 12,886 "
"New South Wales","Industrial Processes","1992"," 12,782 "
"New South Wales","Industrial Processes","1993"," 12,556 "
"New South Wales","Industrial Processes","1994"," 13,350 "
"New South Wales","Industrial Processes","1995"," 13,477 "
"New South Wales","Industrial Processes","1996"," 13,333 "
"New South Wales","Industrial Processes","1997"," 13,273 "
"New South Wales","Industrial Processes","1998"," 13,224 "
"New South Wales","Industrial Processes","1999"," 13,732 "
"New South Wales","Industrial Processes","2000"," 12,934 "
"New South Wales","Industrial Processes","2001"," 11,635 "
"New South Wales","Industrial Processes","2002"," 11,606 "
"New South Wales","Industrial Processes","2003"," 12,551 "
"New South Wales","Industrial Processes","2004"," 13,501 "
"New South Wales","Industrial Processes","2005"," 13,946 "
"New South Wales","Industrial Processes","2006"," 14,096 "
"New South Wales","Industrial Processes","2007"," 14,683 "
"New South Wales","Industrial Processes","2008"," 14,653 "
"New South Wales","Industrial Processes","2009"," 12,298 "
"New South Wales","Industrial Processes","2010"," 14,219 "
"New South Wales","Industrial Processes","2011"," 15,097 "
"New South Wales","Industrial Processes","2012"," 12,093 "
"New South Wales","Industrial Processes","2013"," 11,051 "
"New South Wales","Industrial Processes","2014"," 10,922 "
"New South Wales","Industrial Processes","2015"," 11,735 "
"New South Wales","Industrial Processes","2016"," 12,024 "
"New South Wales","Industrial Processes","2017"," 12,583 "
"New South Wales","Industrial Processes","2018"," 12,867 "
"New South Wales","Industrial Processes","2019"," 13,023 "
"New South Wales","Industrial Processes","2020"," 12,806 "
"New South Wales","Industrial Processes","2021"," 13,024 "
"New South Wales","Industrial Processes","2022"," 13,119 "
"New South Wales","Agriculture","1990"," 28,274 "
"New South Wales","Agriculture","1991"," 27,921 "
"New South Wales","Agriculture","1992"," 26,421 "
"New South Wales","Agriculture","1993"," 25,244 "
"New South Wales","Agriculture","1994"," 25,365 "
"New South Wales","Agriculture","1995"," 23,032 "
"New South Wales","Agriculture","1996"," 23,844 "
"New South Wales","Agriculture","1997"," 24,663 "
"New South Wales","Agriculture","1998"," 23,973 "
"New South Wales","Agriculture","1999"," 24,033 "
"New South Wales","Agriculture","2000"," 24,350 "
"New South Wales","Agriculture","2001"," 24,587 "
"New South Wales","Agriculture","2002"," 23,559 "
"New South Wales","Agriculture","2003"," 21,124 "
"New South Wales","Agriculture","2004"," 21,790 "
"New South Wales","Agriculture","2005"," 21,621 "
"New South Wales","Agriculture","2006"," 21,820 "
"New South Wales","Agriculture","2007"," 19,646 "
"New South Wales","Agriculture","2008"," 18,742 "
"New South Wales","Agriculture","2009"," 18,637 "
"New South Wales","Agriculture","2010"," 18,059 "
"New South Wales","Agriculture","2011"," 19,305 "
"New South Wales","Agriculture","2012"," 20,132 "
"New South Wales","Agriculture","2013"," 20,129 "
"New South Wales","Agriculture","2014"," 19,097 "
"New South Wales","Agriculture","2015"," 19,033 "
"New South Wales","Agriculture","2016"," 19,435 "
"New South Wales","Agriculture","2017"," 20,997 "
"New South Wales","Agriculture","2018"," 18,773 "
"New South Wales","Agriculture","2019"," 15,981 "
"New South Wales","Agriculture","2020"," 15,019 "
"New South Wales","Agriculture","2021"," 18,724 "
"New South Wales","Agriculture","2022"," 20,195 "
"New South Wales","Land Use","1990"," 14,657 "
"New South Wales","Land Use","1991"," 3,683 "
"New South Wales","Land Use","1992"," 4,340 "
"New South Wales","Land Use","1993","-10,742 "
"New South Wales","Land Use","1994","-7,256 "
"New South Wales","Land Use","1995","-15,115 "
"New South Wales","Land Use","1996","-23,773 "
"New South Wales","Land Use","1997","-27,703 "
"New South Wales","Land Use","1998","-22,205 "
"New South Wales","Land Use","1999","-16,453 "
"New South Wales","Land Use","2000","-8,255 "
"New South Wales","Land Use","2001","-7,765 "
"New South Wales","Land Use","2002","-4,428 "
"New South Wales","Land Use","2003","-7,626 "
"New South Wales","Land Use","2004","-10,530 "
"New South Wales","Land Use","2005","-7,570 "
"New South Wales","Land Use","2006"," 888 "
"New South Wales","Land Use","2007","-6,465 "
"New South Wales","Land Use","2008","-9,062 "
"New South Wales","Land Use","2009","-8,505 "
"New South Wales","Land Use","2010","-5,112 "
"New South Wales","Land Use","2011","-7,846 "
"New South Wales","Land Use","2012","-7,198 "
"New South Wales","Land Use","2013","-13,296 "
"New South Wales","Land Use","2014","-8,297 "
"New South Wales","Land Use","2015","-14,072 "
"New South Wales","Land Use","2016","-25,784 "
"New South Wales","Land Use","2017","-8,778 "
"New South Wales","Land Use","2018","-14,140 "
"New South Wales","Land Use","2019","-21,350 "
"New South Wales","Land Use","2020","-19,202 "
"New South Wales","Land Use","2021","-27,486 "
"New South Wales","Land Use","2022","-20,609 "
"New South Wales","Waste","1990"," 8,460 "
"New South Wales","Waste","1991"," 8,458 "
"New South Wales","Waste","1992"," 8,437 "
"New South Wales","Waste","1993"," 8,284 "
"New South Wales","Waste","1994"," 7,963 "
"New South Wales","Waste","1995"," 7,785 "
"New South Wales","Waste","1996"," 7,218 "
"New South Wales","Waste","1997"," 6,999 "
"New South Wales","Waste","1998"," 6,677 "
"New South Wales","Waste","1999"," 6,632 "
"New South Wales","Waste","2000"," 6,465 "
"New South Wales","Waste","2001"," 6,486 "
"New South Wales","Waste","2002"," 6,532 "
"New South Wales","Waste","2003"," 5,675 "
"New South Wales","Waste","2004"," 5,508 "
"New South Wales","Waste","2005"," 5,540 "
"New South Wales","Waste","2006"," 5,448 "
"New South Wales","Waste","2007"," 5,465 "
"New South Wales","Waste","2008"," 5,763 "
"New South Wales","Waste","2009"," 5,301 "
"New South Wales","Waste","2010"," 5,103 "
"New South Wales","Waste","2011"," 4,825 "
"New South Wales","Waste","2012"," 4,424 "
"New South Wales","Waste","2013"," 4,201 "
"New South Wales","Waste","2014"," 4,243 "
"New South Wales","Waste","2015"," 3,351 "
"New South Wales","Waste","2016"," 3,310 "
"New South Wales","Waste","2017"," 3,490 "
"New South Wales","Waste","2018"," 4,204 "
"New South Wales","Waste","2019"," 3,807 "
"New South Wales","Waste","2020"," 3,934 "
"New South Wales","Waste","2021"," 4,084 "
"New South Wales","Waste","2022"," 4,307 "
"Victoria","Energy","1990"," 79,342 "
"Victoria","Energy","1991"," 80,695 "
"Victoria","Energy","1992"," 82,242 "
"Victoria","Energy","1993"," 80,607 "
"Victoria","Energy","1994"," 80,388 "
"Victoria","Energy","1995"," 84,531 "
"Victoria","Energy","1996"," 87,050 "
"Victoria","Energy","1997"," 89,696 "
"Victoria","Energy","1998"," 96,281 "
"Victoria","Energy","1999"," 98,211 "
"Victoria","Energy","2000"," 100,190 "
"Victoria","Energy","2001"," 99,818 "
"Victoria","Energy","2002"," 98,025 "
"Victoria","Energy","2003"," 100,790 "
"Victoria","Energy","2004"," 105,627 "
"Victoria","Energy","2005"," 104,475 "
"Victoria","Energy","2006"," 104,636 "
"Victoria","Energy","2007"," 103,409 "
"Victoria","Energy","2008"," 104,428 "
"Victoria","Energy","2009"," 107,175 "
"Victoria","Energy","2010"," 106,626 "
"Victoria","Energy","2011"," 107,033 "
"Victoria","Energy","2012"," 109,389 "
"Victoria","Energy","2013"," 101,722 "
"Victoria","Energy","2014"," 98,636 "
"Victoria","Energy","2015"," 103,659 "
"Victoria","Energy","2016"," 101,043 "
"Victoria","Energy","2017"," 98,036 "
"Victoria","Energy","2018"," 88,544 "
"Victoria","Energy","2019"," 85,391 "
"Victoria","Energy","2020"," 80,695 "
"Victoria","Energy","2021"," 77,820 "
"Victoria","Energy","2022"," 77,456 "
"Victoria","Industrial Processes","1990"," 2,528 "
"Victoria","Industrial Processes","1991"," 2,501 "
"Victoria","Industrial Processes","1992"," 2,469 "
"Victoria","Industrial Processes","1993"," 2,295 "
"Victoria","Industrial Processes","1994"," 1,905 "
"Victoria","Industrial Processes","1995"," 1,778 "
"Victoria","Industrial Processes","1996"," 1,657 "
"Victoria","Industrial Processes","1997"," 1,637 "
"Victoria","Industrial Processes","1998"," 1,900 "
"Victoria","Industrial Processes","1999"," 1,870 "
"Victoria","Industrial Processes","2000"," 1,988 "
"Victoria","Industrial Processes","2001"," 2,244 "
"Victoria","Industrial Processes","2002"," 2,355 "
"Victoria","Industrial Processes","2003"," 2,503 "
"Victoria","Industrial Processes","2004"," 2,622 "
"Victoria","Industrial Processes","2005"," 2,822 "
"Victoria","Industrial Processes","2006"," 2,667 "
"Victoria","Industrial Processes","2007"," 2,852 "
"Victoria","Industrial Processes","2008"," 2,958 "
"Victoria","Industrial Processes","2009"," 3,202 "
"Victoria","Industrial Processes","2010"," 3,298 "
"Victoria","Industrial Processes","2011"," 3,559 "
"Victoria","Industrial Processes","2012"," 3,584 "
"Victoria","Industrial Processes","2013"," 3,425 "
"Victoria","Industrial Processes","2014"," 3,325 "
"Victoria","Industrial Processes","2015"," 3,168 "
"Victoria","Industrial Processes","2016"," 3,218 "
"Victoria","Industrial Processes","2017"," 3,169 "
"Victoria","Industrial Processes","2018"," 3,284 "
"Victoria","Industrial Processes","2019"," 3,541 "
"Victoria","Industrial Processes","2020"," 3,592 "
"Victoria","Industrial Processes","2021"," 3,763 "
"Victoria","Industrial Processes","2022"," 3,558 "
"Victoria","Agriculture","1990"," 16,881 "
"Victoria","Agriculture","1991"," 16,524 "
"Victoria","Agriculture","1992"," 16,150 "
"Victoria","Agriculture","1993"," 15,711 "
"Victoria","Agriculture","1994"," 16,319 "
"Victoria","Agriculture","1995"," 15,982 "
"Victoria","Agriculture","1996"," 16,488 "
"Victoria","Agriculture","1997"," 16,736 "
"Victoria","Agriculture","1998"," 16,114 "
"Victoria","Agriculture","1999"," 16,355 "
"Victoria","Agriculture","2000"," 17,362 "
"Victoria","Agriculture","2001"," 17,700 "
"Victoria","Agriculture","2002"," 17,815 "
"Victoria","Agriculture","2003"," 17,051 "
"Victoria","Agriculture","2004"," 16,988 "
"Victoria","Agriculture","2005"," 17,947 "
"Victoria","Agriculture","2006"," 16,905 "
"Victoria","Agriculture","2007"," 16,081 "
"Victoria","Agriculture","2008"," 15,206 "
"Victoria","Agriculture","2009"," 14,822 "
"Victoria","Agriculture","2010"," 14,716 "
"Victoria","Agriculture","2011"," 15,385 "
"Victoria","Agriculture","2012"," 16,276 "
"Victoria","Agriculture","2013"," 16,029 "
"Victoria","Agriculture","2014"," 16,226 "
"Victoria","Agriculture","2015"," 15,989 "
"Victoria","Agriculture","2016"," 14,970 "
"Victoria","Agriculture","2017"," 16,061 "
"Victoria","Agriculture","2018"," 16,454 "
"Victoria","Agriculture","2019"," 15,383 "
"Victoria","Agriculture","2020"," 15,886 "
"Victoria","Agriculture","2021"," 16,165 "
"Victoria","Agriculture","2022"," 15,476 "
"Victoria","Land Use","1990"," 3,514 "
"Victoria","Land Use","1991"," 528 "
"Victoria","Land Use","1992","-789 "
"Victoria","Land Use","1993"," 958 "
"Victoria","Land Use","1994"," 1,598 "
"Victoria","Land Use","1995","-1,886 "
"Victoria","Land Use","1996","-5,032 "
"Victoria","Land Use","1997","-5,952 "
"Victoria","Land Use","1998","-6,378 "
"Victoria","Land Use","1999","-8,324 "
"Victoria","Land Use","2000","-6,553 "
"Victoria","Land Use","2001","-4,995 "
"Victoria","Land Use","2002","-5,513 "
"Victoria","Land Use","2003","-2,169 "
"Victoria","Land Use","2004","-1,191 "
"Victoria","Land Use","2005","-6,175 "
"Victoria","Land Use","2006"," 134 "
"Victoria","Land Use","2007"," 631 "
"Victoria","Land Use","2008"," 1,066 "
"Victoria","Land Use","2009"," 3,832 "
"Victoria","Land Use","2010"," 9,650 "
"Victoria","Land Use","2011"," 4,762 "
"Victoria","Land Use","2012","-5,097 "
"Victoria","Land Use","2013","-8,353 "
"Victoria","Land Use","2014","-9,357 "
"Victoria","Land Use","2015","-12,545 "
"Victoria","Land Use","2016","-21,244 "
"Victoria","Land Use","2017","-18,186 "
"Victoria","Land Use","2018","-21,835 "
"Victoria","Land Use","2019","-20,203 "
"Victoria","Land Use","2020","-16,752 "
"Victoria","Land Use","2021","-20,094 "
"Victoria","Land Use","2022","-14,982 "
"Victoria","Waste","1990"," 6,366 "
"Victoria","Waste","1991"," 6,178 "
"Victoria","Waste","1992"," 6,109 "
"Victoria","Waste","1993"," 6,034 "
"Victoria","Waste","1994"," 5,761 "
"Victoria","Waste","1995"," 5,743 "
"Victoria","Waste","1996"," 5,024 "
"Victoria","Waste","1997"," 4,948 "
"Victoria","Waste","1998"," 4,633 "
"Victoria","Waste","1999"," 4,763 "
"Victoria","Waste","2000"," 4,293 "
"Victoria","Waste","2001"," 4,385 "
"Victoria","Waste","2002"," 4,619 "
"Victoria","Waste","2003"," 4,218 "
"Victoria","Waste","2004"," 4,171 "
"Victoria","Waste","2005"," 4,164 "
"Victoria","Waste","2006"," 4,135 "
"Victoria","Waste","2007"," 4,035 "
"Victoria","Waste","2008"," 3,970 "
"Victoria","Waste","2009"," 4,026 "
"Victoria","Waste","2010"," 3,861 "
"Victoria","Waste","2011"," 3,499 "
"Victoria","Waste","2012"," 3,171 "
"Victoria","Waste","2013"," 2,226 "
"Victoria","Waste","2014"," 2,334 "
"Victoria","Waste","2015"," 2,819 "
"Victoria","Waste","2016"," 2,787 "
"Victoria","Waste","2017"," 3,046 "
"Victoria","Waste","2018"," 2,473 "
"Victoria","Waste","2019"," 2,676 "
"Victoria","Waste","2020"," 2,824 "
"Victoria","Waste","2021"," 2,735 "
"Victoria","Waste","2022"," 3,207 "
"Queensland","Energy","1990"," 49,853 "
"Queensland","Energy","1991"," 51,273 "
"Queensland","Energy","1992"," 53,251 "
"Queensland","Energy","1993"," 55,748 "
"Queensland","Energy","1994"," 57,651 "
"Queensland","Energy","1995"," 61,618 "
"Queensland","Energy","1996"," 62,210 "
"Queensland","Energy","1997"," 66,005 "
"Queensland","Energy","1998"," 71,309 "
"Queensland","Energy","1999"," 73,252 "
"Queensland","Energy","2000"," 75,965 "
"Queensland","Energy","2001"," 79,987 "
"Queensland","Energy","2002"," 83,697 "
"Queensland","Energy","2003"," 86,083 "
"Queensland","Energy","2004"," 90,735 "
"Queensland","Energy","2005"," 95,398 "
"Queensland","Energy","2006"," 97,655 "
"Queensland","Energy","2007"," 99,910 "
"Queensland","Energy","2008"," 101,302 "
"Queensland","Energy","2009"," 101,838 "
"Queensland","Energy","2010"," 102,759 "
"Queensland","Energy","2011"," 99,446 "
"Queensland","Energy","2012"," 102,718 "
"Queensland","Energy","2013"," 103,295 "
"Queensland","Energy","2014"," 100,481 "
"Queensland","Energy","2015"," 109,849 "
"Queensland","Energy","2016"," 114,715 "
"Queensland","Energy","2017"," 117,287 "
"Queensland","Energy","2018"," 123,307 "
"Queensland","Energy","2019"," 120,588 "
"Queensland","Energy","2020"," 118,378 "
"Queensland","Energy","2021"," 114,759 "
"Queensland","Energy","2022"," 110,428 "
"Queensland","Industrial Processes","1990"," 3,263 "
"Queensland","Industrial Processes","1991"," 3,232 "
"Queensland","Industrial Processes","1992"," 3,273 "
"Queensland","Industrial Processes","1993"," 3,308 "
"Queensland","Industrial Processes","1994"," 3,146 "
"Queensland","Industrial Processes","1995"," 3,002 "
"Queensland","Industrial Processes","1996"," 2,929 "
"Queensland","Industrial Processes","1997"," 2,959 "
"Queensland","Industrial Processes","1998"," 3,320 "
"Queensland","Industrial Processes","1999"," 3,291 "
"Queensland","Industrial Processes","2000"," 3,315 "
"Queensland","Industrial Processes","2001"," 3,902 "
"Queensland","Industrial Processes","2002"," 4,102 "
"Queensland","Industrial Processes","2003"," 4,586 "
"Queensland","Industrial Processes","2004"," 4,811 "
"Queensland","Industrial Processes","2005"," 5,081 "
"Queensland","Industrial Processes","2006"," 4,698 "
"Queensland","Industrial Processes","2007"," 5,026 "
"Queensland","Industrial Processes","2008"," 5,476 "
"Queensland","Industrial Processes","2009"," 5,460 "
"Queensland","Industrial Processes","2010"," 5,637 "
"Queensland","Industrial Processes","2011"," 5,427 "
"Queensland","Industrial Processes","2012"," 5,530 "
"Queensland","Industrial Processes","2013"," 5,062 "
"Queensland","Industrial Processes","2014"," 5,360 "
"Queensland","Industrial Processes","2015"," 5,385 "
"Queensland","Industrial Processes","2016"," 5,329 "
"Queensland","Industrial Processes","2017"," 5,138 "
"Queensland","Industrial Processes","2018"," 5,408 "
"Queensland","Industrial Processes","2019"," 5,987 "
"Queensland","Industrial Processes","2020"," 5,750 "
"Queensland","Industrial Processes","2021"," 5,820 "
"Queensland","Industrial Processes","2022"," 5,756 "
"Queensland","Agriculture","1990"," 21,512 "
"Queensland","Agriculture","1991"," 22,250 "
"Queensland","Agriculture","1992"," 21,715 "
"Queensland","Agriculture","1993"," 21,142 "
"Queensland","Agriculture","1994"," 20,384 "
"Queensland","Agriculture","1995"," 20,321 "
"Queensland","Agriculture","1996"," 20,526 "
"Queensland","Agriculture","1997"," 20,883 "
"Queensland","Agriculture","1998"," 21,872 "
"Queensland","Agriculture","1999"," 21,652 "
"Queensland","Agriculture","2000"," 23,379 "
"Queensland","Agriculture","2001"," 22,420 "
"Queensland","Agriculture","2002"," 22,577 "
"Queensland","Agriculture","2003"," 20,808 "
"Queensland","Agriculture","2004"," 22,250 "
"Queensland","Agriculture","2005"," 22,455 "
"Queensland","Agriculture","2006"," 21,993 "
"Queensland","Agriculture","2007"," 22,034 "
"Queensland","Agriculture","2008"," 22,070 "
"Queensland","Agriculture","2009"," 23,022 "
"Queensland","Agriculture","2010"," 21,055 "
"Queensland","Agriculture","2011"," 23,493 "
"Queensland","Agriculture","2012"," 22,713 "
"Queensland","Agriculture","2013"," 23,551 "
"Queensland","Agriculture","2014"," 23,836 "
"Queensland","Agriculture","2015"," 21,299 "
"Queensland","Agriculture","2016"," 20,841 "
"Queensland","Agriculture","2017"," 21,182 "
"Queensland","Agriculture","2018"," 22,597 "
"Queensland","Agriculture","2019"," 21,374 "
"Queensland","Agriculture","2020"," 19,818 "
"Queensland","Agriculture","2021"," 20,461 "
"Queensland","Agriculture","2022"," 20,962 "
"Queensland","Land Use","1990"," 106,073 "
"Queensland","Land Use","1991"," 99,877 "
"Queensland","Land Use","1992"," 69,690 "
"Queensland","Land Use","1993"," 66,151 "
"Queensland","Land Use","1994"," 50,042 "
"Queensland","Land Use","1995"," 41,590 "
"Queensland","Land Use","1996"," 43,951 "
"Queensland","Land Use","1997"," 45,586 "
"Queensland","Land Use","1998"," 42,323 "
"Queensland","Land Use","1999"," 57,489 "
"Queensland","Land Use","2000"," 51,080 "
"Queensland","Land Use","2001"," 61,366 "
"Queensland","Land Use","2002"," 66,638 "
"Queensland","Land Use","2003"," 60,814 "
"Queensland","Land Use","2004"," 44,271 "
"Queensland","Land Use","2005"," 66,204 "
"Queensland","Land Use","2006"," 77,495 "
"Queensland","Land Use","2007"," 59,632 "
"Queensland","Land Use","2008"," 54,645 "
"Queensland","Land Use","2009"," 47,314 "
"Queensland","Land Use","2010"," 45,668 "
"Queensland","Land Use","2011"," 47,921 "
"Queensland","Land Use","2012"," 30,120 "
"Queensland","Land Use","2013"," 46,817 "
"Queensland","Land Use","2014"," 41,632 "
"Queensland","Land Use","2015"," 30,102 "
"Queensland","Land Use","2016"," 12,107 "
"Queensland","Land Use","2017"," 21,797 "
"Queensland","Land Use","2018"," 11,279 "
"Queensland","Land Use","2019"," 5,972 "
"Queensland","Land Use","2020"," 3,854 "
"Queensland","Land Use","2021","-810 "
"Queensland","Land Use","2022","-15,926 "
"Queensland","Waste","1990"," 3,962 "
"Queensland","Waste","1991"," 3,970 "
"Queensland","Waste","1992"," 3,970 "
"Queensland","Waste","1993"," 3,984 "
"Queensland","Waste","1994"," 4,008 "
"Queensland","Waste","1995"," 3,911 "
"Queensland","Waste","1996"," 3,677 "
"Queensland","Waste","1997"," 3,715 "
"Queensland","Waste","1998"," 3,674 "
"Queensland","Waste","1999"," 3,628 "
"Queensland","Waste","2000"," 3,623 "
"Queensland","Waste","2001"," 3,710 "
"Queensland","Waste","2002"," 3,558 "
"Queensland","Waste","2003"," 2,984 "
"Queensland","Waste","2004"," 2,923 "
"Queensland","Waste","2005"," 2,801 "
"Queensland","Waste","2006"," 2,730 "
"Queensland","Waste","2007"," 3,058 "
"Queensland","Waste","2008"," 3,215 "
"Queensland","Waste","2009"," 3,426 "
"Queensland","Waste","2010"," 3,337 "
"Queensland","Waste","2011"," 3,469 "
"Queensland","Waste","2012"," 2,978 "
"Queensland","Waste","2013"," 3,205 "
"Queensland","Waste","2014"," 3,024 "
"Queensland","Waste","2015"," 3,063 "
"Queensland","Waste","2016"," 3,107 "
"Queensland","Waste","2017"," 2,952 "
"Queensland","Waste","2018"," 3,083 "
"Queensland","Waste","2019"," 3,131 "
"Queensland","Waste","2020"," 3,333 "
"Queensland","Waste","2021"," 3,053 "
"Queensland","Waste","2022"," 2,876 "
"Western Australia","Energy","1990"," 32,798 "
"Western Australia","Energy","1991"," 34,697 "
"Western Australia","Energy","1992"," 35,817 "
"Western Australia","Energy","1993"," 37,022 "
"Western Australia","Energy","1994"," 38,506 "
"Western Australia","Energy","1995"," 41,202 "
"Western Australia","Energy","1996"," 42,888 "
"Western Australia","Energy","1997"," 43,756 "
"Western Australia","Energy","1998"," 44,367 "
"Western Australia","Energy","1999"," 45,100 "
"Western Australia","Energy","2000"," 46,306 "
"Western Australia","Energy","2001"," 47,652 "
"Western Australia","Energy","2002"," 48,817 "
"Western Australia","Energy","2003"," 48,394 "
"Western Australia","Energy","2004"," 48,567 "
"Western Australia","Energy","2005"," 50,555 "
"Western Australia","Energy","2006"," 50,609 "
"Western Australia","Energy","2007"," 52,040 "
"Western Australia","Energy","2008"," 53,042 "
"Western Australia","Energy","2009"," 57,233 "
"Western Australia","Energy","2010"," 56,752 "
"Western Australia","Energy","2011"," 59,536 "
"Western Australia","Energy","2012"," 62,210 "
"Western Australia","Energy","2013"," 66,698 "
"Western Australia","Energy","2014"," 67,426 "
"Western Australia","Energy","2015"," 68,009 "
"Western Australia","Energy","2016"," 71,678 "
"Western Australia","Energy","2017"," 78,034 "
"Western Australia","Energy","2018"," 82,332 "
"Western Australia","Energy","2019"," 84,039 "
"Western Australia","Energy","2020"," 79,675 "
"Western Australia","Energy","2021"," 77,835 "
"Western Australia","Energy","2022"," 81,728 "
"Western Australia","Industrial Processes","1990"," 1,788 "
"Western Australia","Industrial Processes","1991"," 1,600 "
"Western Australia","Industrial Processes","1992"," 1,781 "
"Western Australia","Industrial Processes","1993"," 1,975 "
"Western Australia","Industrial Processes","1994"," 1,972 "
"Western Australia","Industrial Processes","1995"," 1,997 "
"Western Australia","Industrial Processes","1996"," 2,173 "
"Western Australia","Industrial Processes","1997"," 2,265 "
"Western Australia","Industrial Processes","1998"," 2,546 "
"Western Australia","Industrial Processes","1999"," 2,625 "
"Western Australia","Industrial Processes","2000"," 3,063 "
"Western Australia","Industrial Processes","2001"," 4,335 "
"Western Australia","Industrial Processes","2002"," 4,491 "
"Western Australia","Industrial Processes","2003"," 5,268 "
"Western Australia","Industrial Processes","2004"," 5,231 "
"Western Australia","Industrial Processes","2005"," 3,740 "
"Western Australia","Industrial Processes","2006"," 4,606 "
"Western Australia","Industrial Processes","2007"," 5,277 "
"Western Australia","Industrial Processes","2008"," 4,739 "
"Western Australia","Industrial Processes","2009"," 4,797 "
"Western Australia","Industrial Processes","2010"," 5,430 "
"Western Australia","Industrial Processes","2011"," 5,230 "
"Western Australia","Industrial Processes","2012"," 5,410 "
"Western Australia","Industrial Processes","2013"," 4,717 "
"Western Australia","Industrial Processes","2014"," 4,818 "
"Western Australia","Industrial Processes","2015"," 4,767 "
"Western Australia","Industrial Processes","2016"," 4,654 "
"Western Australia","Industrial Processes","2017"," 4,748 "
"Western Australia","Industrial Processes","2018"," 4,796 "
"Western Australia","Industrial Processes","2019"," 4,425 "
"Western Australia","Industrial Processes","2020"," 4,536 "
"Western Australia","Industrial Processes","2021"," 4,932 "
"Western Australia","Industrial Processes","2022"," 5,103 "
"Western Australia","Agriculture","1990"," 12,475 "
"Western Australia","Agriculture","1991"," 12,015 "
"Western Australia","Agriculture","1992"," 11,811 "
"Western Australia","Agriculture","1993"," 11,512 "
"Western Australia","Agriculture","1994"," 11,466 "
"Western Australia","Agriculture","1995"," 11,151 "
"Western Australia","Agriculture","1996"," 11,165 "
"Western Australia","Agriculture","1997"," 10,789 "
"Western Australia","Agriculture","1998"," 10,942 "
"Western Australia","Agriculture","1999"," 10,733 "
"Western Australia","Agriculture","2000"," 11,122 "
"Western Australia","Agriculture","2001"," 10,273 "
"Western Australia","Agriculture","2002"," 10,373 "
"Western Australia","Agriculture","2003"," 10,211 "
"Western Australia","Agriculture","2004"," 11,214 "
"Western Australia","Agriculture","2005"," 11,207 "
"Western Australia","Agriculture","2006"," 10,822 "
"Western Australia","Agriculture","2007"," 10,386 "
"Western Australia","Agriculture","2008"," 9,557 "
"Western Australia","Agriculture","2009"," 9,512 "
"Western Australia","Agriculture","2010"," 9,491 "
"Western Australia","Agriculture","2011"," 8,576 "
"Western Australia","Agriculture","2012"," 8,850 "
"Western Australia","Agriculture","2013"," 8,747 "
"Western Australia","Agriculture","2014"," 9,353 "
"Western Australia","Agriculture","2015"," 9,569 "
"Western Australia","Agriculture","2016"," 9,627 "
"Western Australia","Agriculture","2017"," 9,596 "
"Western Australia","Agriculture","2018"," 9,456 "
"Western Australia","Agriculture","2019"," 9,518 "
"Western Australia","Agriculture","2020"," 9,512 "
"Western Australia","Agriculture","2021"," 9,788 "
"Western Australia","Agriculture","2022"," 9,681 "
"Western Australia","Land Use","1990"," 28,715 "
"Western Australia","Land Use","1991"," 26,577 "
"Western Australia","Land Use","1992"," 16,425 "
"Western Australia","Land Use","1993"," 14,725 "
"Western Australia","Land Use","1994"," 17,734 "
"Western Australia","Land Use","1995"," 9,792 "
"Western Australia","Land Use","1996"," 13,678 "
"Western Australia","Land Use","1997"," 11,933 "
"Western Australia","Land Use","1998"," 9,506 "
"Western Australia","Land Use","1999"," 4,133 "
"Western Australia","Land Use","2000"," 8,638 "
"Western Australia","Land Use","2001"," 7,267 "
"Western Australia","Land Use","2002"," 5,289 "
"Western Australia","Land Use","2003"," 11,212 "
"Western Australia","Land Use","2004"," 4,634 "
"Western Australia","Land Use","2005"," 9,133 "
"Western Australia","Land Use","2006"," 14,586 "
"Western Australia","Land Use","2007"," 17,548 "
"Western Australia","Land Use","2008"," 13,118 "
"Western Australia","Land Use","2009"," 7,837 "
"Western Australia","Land Use","2010"," 14,323 "
"Western Australia","Land Use","2011","-7,493 "
"Western Australia","Land Use","2012","-152 "
"Western Australia","Land Use","2013"," 1,827 "
"Western Australia","Land Use","2014","-6,304 "
"Western Australia","Land Use","2015","-851 "
"Western Australia","Land Use","2016","-5,676 "
"Western Australia","Land Use","2017","-12,571 "
"Western Australia","Land Use","2018","-15,827 "
"Western Australia","Land Use","2019","-11,598 "
"Western Australia","Land Use","2020","-14,025 "
"Western Australia","Land Use","2021","-20,759 "
"Western Australia","Land Use","2022","-15,862 "
"Western Australia","Waste","1990"," 1,974 "
"Western Australia","Waste","1991"," 2,064 "
"Western Australia","Waste","1992"," 2,062 "
"Western Australia","Waste","1993"," 2,061 "
"Western Australia","Waste","1994"," 2,064 "
"Western Australia","Waste","1995"," 2,064 "
"Western Australia","Waste","1996"," 2,068 "
"Western Australia","Waste","1997"," 2,081 "
"Western Australia","Waste","1998"," 2,104 "
"Western Australia","Waste","1999"," 2,151 "
"Western Australia","Waste","2000"," 2,195 "
"Western Australia","Waste","2001"," 2,255 "
"Western Australia","Waste","2002"," 2,091 "
"Western Australia","Waste","2003"," 1,575 "
"Western Australia","Waste","2004"," 1,478 "
"Western Australia","Waste","2005"," 1,591 "
"Western Australia","Waste","2006"," 1,539 "
"Western Australia","Waste","2007"," 1,688 "
"Western Australia","Waste","2008"," 1,688 "
"Western Australia","Waste","2009"," 1,707 "
"Western Australia","Waste","2010"," 2,011 "
"Western Australia","Waste","2011"," 2,040 "
"Western Australia","Waste","2012"," 1,971 "
"Western Australia","Waste","2013"," 1,901 "
"Western Australia","Waste","2014"," 1,895 "
"Western Australia","Waste","2015"," 1,769 "
"Western Australia","Waste","2016"," 2,036 "
"Western Australia","Waste","2017"," 1,918 "
"Western Australia","Waste","2018"," 1,505 "
"Western Australia","Waste","2019"," 1,883 "
"Western Australia","Waste","2020"," 1,833 "
"Western Australia","Waste","2021"," 1,934 "
"Western Australia","Waste","2022"," 1,892 "
"South Australia","Energy","1990"," 21,192 "
"South Australia","Energy","1991"," 19,489 "
"South Australia","Energy","1992"," 20,699 "
"South Australia","Energy","1993"," 20,632 "
"South Australia","Energy","1994"," 20,516 "
"South Australia","Energy","1995"," 20,603 "
"South Australia","Energy","1996"," 19,625 "
"South Australia","Energy","1997"," 20,428 "
"South Australia","Energy","1998"," 21,574 "
"South Australia","Energy","1999"," 21,998 "
"South Australia","Energy","2000"," 22,375 "
"South Australia","Energy","2001"," 22,746 "
"South Australia","Energy","2002"," 23,172 "
"South Australia","Energy","2003"," 24,144 "
"South Australia","Energy","2004"," 23,659 "
"South Australia","Energy","2005"," 23,969 "
"South Australia","Energy","2006"," 23,554 "
"South Australia","Energy","2007"," 24,398 "
"South Australia","Energy","2008"," 24,790 "
"South Australia","Energy","2009"," 23,320 "
"South Australia","Energy","2010"," 23,061 "
"South Australia","Energy","2011"," 21,665 "
"South Australia","Energy","2012"," 20,480 "
"South Australia","Energy","2013"," 20,350 "
"South Australia","Energy","2014"," 19,374 "
"South Australia","Energy","2015"," 19,361 "
"South Australia","Energy","2016"," 19,620 "
"South Australia","Energy","2017"," 17,674 "
"South Australia","Energy","2018"," 17,716 "
"South Australia","Energy","2019"," 17,224 "
"South Australia","Energy","2020"," 16,768 "
"South Australia","Energy","2021"," 16,242 "
"South Australia","Energy","2022"," 15,412 "
"South Australia","Industrial Processes","1990"," 2,759 "
"South Australia","Industrial Processes","1991"," 2,639 "
"South Australia","Industrial Processes","1992"," 3,199 "
"South Australia","Industrial Processes","1993"," 3,155 "
"South Australia","Industrial Processes","1994"," 3,152 "
"South Australia","Industrial Processes","1995"," 3,139 "
"South Australia","Industrial Processes","1996"," 3,055 "
"South Australia","Industrial Processes","1997"," 3,074 "
"South Australia","Industrial Processes","1998"," 3,208 "
"South Australia","Industrial Processes","1999"," 3,137 "
"South Australia","Industrial Processes","2000"," 3,143 "
"South Australia","Industrial Processes","2001"," 3,083 "
"South Australia","Industrial Processes","2002"," 3,083 "
"South Australia","Industrial Processes","2003"," 3,101 "
"South Australia","Industrial Processes","2004"," 3,089 "
"South Australia","Industrial Processes","2005"," 2,904 "
"South Australia","Industrial Processes","2006"," 2,925 "
"South Australia","Industrial Processes","2007"," 3,130 "
"South Australia","Industrial Processes","2008"," 3,040 "
"South Australia","Industrial Processes","2009"," 3,071 "
"South Australia","Industrial Processes","2010"," 3,182 "
"South Australia","Industrial Processes","2011"," 3,170 "
"South Australia","Industrial Processes","2012"," 3,539 "
"South Australia","Industrial Processes","2013"," 3,557 "
"South Australia","Industrial Processes","2014"," 3,299 "
"South Australia","Industrial Processes","2015"," 3,402 "
"South Australia","Industrial Processes","2016"," 3,469 "
"South Australia","Industrial Processes","2017"," 3,500 "
"South Australia","Industrial Processes","2018"," 3,488 "
"South Australia","Industrial Processes","2019"," 3,525 "
"South Australia","Industrial Processes","2020"," 3,379 "
"South Australia","Industrial Processes","2021"," 3,439 "
"South Australia","Industrial Processes","2022"," 3,521 "
"South Australia","Agriculture","1990"," 7,112 "
"South Australia","Agriculture","1991"," 6,849 "
"South Australia","Agriculture","1992"," 6,709 "
"South Australia","Agriculture","1993"," 6,769 "
"South Australia","Agriculture","1994"," 6,538 "
"South Australia","Agriculture","1995"," 6,160 "
"South Australia","Agriculture","1996"," 6,272 "
"South Australia","Agriculture","1997"," 6,148 "
"South Australia","Agriculture","1998"," 6,266 "
"South Australia","Agriculture","1999"," 6,307 "
"South Australia","Agriculture","2000"," 6,406 "
"South Australia","Agriculture","2001"," 6,367 "
"South Australia","Agriculture","2002"," 6,606 "
"South Australia","Agriculture","2003"," 6,533 "
"South Australia","Agriculture","2004"," 6,525 "
"South Australia","Agriculture","2005"," 6,289 "
"South Australia","Agriculture","2006"," 6,071 "
"South Australia","Agriculture","2007"," 5,840 "
"South Australia","Agriculture","2008"," 5,394 "
"South Australia","Agriculture","2009"," 5,496 "
"South Australia","Agriculture","2010"," 5,137 "
"South Australia","Agriculture","2011"," 5,947 "
"South Australia","Agriculture","2012"," 5,911 "
"South Australia","Agriculture","2013"," 5,851 "
"South Australia","Agriculture","2014"," 6,084 "
"South Australia","Agriculture","2015"," 5,861 "
"South Australia","Agriculture","2016"," 5,743 "
"South Australia","Agriculture","2017"," 6,118 "
"South Australia","Agriculture","2018"," 5,954 "
"South Australia","Agriculture","2019"," 5,496 "
"South Australia","Agriculture","2020"," 5,645 "
"South Australia","Agriculture","2021"," 5,829 "
"South Australia","Agriculture","2022"," 5,775 "
"South Australia","Land Use","1990"," 4,382 "
"South Australia","Land Use","1991"," 1,170 "
"South Australia","Land Use","1992"," 331 "
"South Australia","Land Use","1993"," 126 "
"South Australia","Land Use","1994","-1,354 "
"South Australia","Land Use","1995","-837 "
"South Australia","Land Use","1996","-577 "
"South Australia","Land Use","1997","-2,562 "
"South Australia","Land Use","1998","-1,955 "
"South Australia","Land Use","1999"," 527 "
"South Australia","Land Use","2000","-1,762 "
"South Australia","Land Use","2001"," 598 "
"South Australia","Land Use","2002"," 1,021 "
"South Australia","Land Use","2003"," 359 "
"South Australia","Land Use","2004"," 1,256 "
"South Australia","Land Use","2005"," 2,530 "
"South Australia","Land Use","2006"," 1,546 "
"South Australia","Land Use","2007","-1,064 "
"South Australia","Land Use","2008","-158 "
"South Australia","Land Use","2009","-2,741 "
"South Australia","Land Use","2010","-3,579 "
"South Australia","Land Use","2011","-7,621 "
"South Australia","Land Use","2012","-5,124 "
"South Australia","Land Use","2013","-4,350 "
"South Australia","Land Use","2014","-5,173 "
"South Australia","Land Use","2015","-2,978 "
"South Australia","Land Use","2016","-7,872 "
"South Australia","Land Use","2017","-5,854 "
"South Australia","Land Use","2018","-3,053 "
"South Australia","Land Use","2019","-3,956 "
"South Australia","Land Use","2020","-2,559 "
"South Australia","Land Use","2021","-6,517 "
"South Australia","Land Use","2022","-9,803 "
"South Australia","Waste","1990"," 1,658 "
"South Australia","Waste","1991"," 1,659 "
"South Australia","Waste","1992"," 1,473 "
"South Australia","Waste","1993"," 1,496 "
"South Australia","Waste","1994"," 1,292 "
"South Australia","Waste","1995"," 1,505 "
"South Australia","Waste","1996"," 1,193 "
"South Australia","Waste","1997"," 1,136 "
"South Australia","Waste","1998"," 991 "
"South Australia","Waste","1999"," 1,027 "
"South Australia","Waste","2000"," 989 "
"South Australia","Waste","2001"," 1,019 "
"South Australia","Waste","2002"," 1,102 "
"South Australia","Waste","2003"," 922 "
"South Australia","Waste","2004"," 885 "
"South Australia","Waste","2005"," 840 "
"South Australia","Waste","2006"," 867 "
"South Australia","Waste","2007"," 886 "
"South Australia","Waste","2008"," 982 "
"South Australia","Waste","2009"," 1,029 "
"South Australia","Waste","2010"," 984 "
"South Australia","Waste","2011"," 1,007 "
"South Australia","Waste","2012"," 1,003 "
"South Australia","Waste","2013"," 1,065 "
"South Australia","Waste","2014"," 1,094 "
"South Australia","Waste","2015"," 1,009 "
"South Australia","Waste","2016"," 1,057 "
"South Australia","Waste","2017"," 1,131 "
"South Australia","Waste","2018"," 899 "
"South Australia","Waste","2019"," 999 "
"South Australia","Waste","2020"," 828 "
"South Australia","Waste","2021"," 912 "
"South Australia","Waste","2022"," 916 "
"Tasmania","Energy","1990"," 3,697 "
"Tasmania","Energy","1991"," 3,844 "
"Tasmania","Energy","1992"," 3,158 "
"Tasmania","Energy","1993"," 3,213 "
"Tasmania","Energy","1994"," 3,271 "
"Tasmania","Energy","1995"," 3,354 "
"Tasmania","Energy","1996"," 3,350 "
"Tasmania","Energy","1997"," 3,391 "
"Tasmania","Energy","1998"," 3,321 "
"Tasmania","Energy","1999"," 3,328 "
"Tasmania","Energy","2000"," 3,293 "
"Tasmania","Energy","2001"," 3,285 "
"Tasmania","Energy","2002"," 3,338 "
"Tasmania","Energy","2003"," 3,431 "
"Tasmania","Energy","2004"," 3,616 "
"Tasmania","Energy","2005"," 3,819 "
"Tasmania","Energy","2006"," 3,906 "
"Tasmania","Energy","2007"," 3,991 "
"Tasmania","Energy","2008"," 4,269 "
"Tasmania","Energy","2009"," 4,130 "
"Tasmania","Energy","2010"," 4,179 "
"Tasmania","Energy","2011"," 4,230 "
"Tasmania","Energy","2012"," 4,043 "
"Tasmania","Energy","2013"," 4,298 "
"Tasmania","Energy","2014"," 3,829 "
"Tasmania","Energy","2015"," 3,497 "
"Tasmania","Energy","2016"," 3,820 "
"Tasmania","Energy","2017"," 3,770 "
"Tasmania","Energy","2018"," 3,851 "
"Tasmania","Energy","2019"," 3,817 "
"Tasmania","Energy","2020"," 3,421 "
"Tasmania","Energy","2021"," 3,611 "
"Tasmania","Energy","2022"," 3,519 "
"Tasmania","Industrial Processes","1990"," 1,417 "
"Tasmania","Industrial Processes","1991"," 1,302 "
"Tasmania","Industrial Processes","1992"," 1,232 "
"Tasmania","Industrial Processes","1993"," 1,179 "
"Tasmania","Industrial Processes","1994"," 1,212 "
"Tasmania","Industrial Processes","1995"," 1,113 "
"Tasmania","Industrial Processes","1996"," 1,062 "
"Tasmania","Industrial Processes","1997"," 1,068 "
"Tasmania","Industrial Processes","1998"," 1,131 "
"Tasmania","Industrial Processes","1999"," 1,111 "
"Tasmania","Industrial Processes","2000"," 1,163 "
"Tasmania","Industrial Processes","2001"," 1,239 "
"Tasmania","Industrial Processes","2002"," 1,240 "
"Tasmania","Industrial Processes","2003"," 1,325 "
"Tasmania","Industrial Processes","2004"," 1,383 "
"Tasmania","Industrial Processes","2005"," 1,465 "
"Tasmania","Industrial Processes","2006"," 1,471 "
"Tasmania","Industrial Processes","2007"," 1,520 "
"Tasmania","Industrial Processes","2008"," 1,591 "
"Tasmania","Industrial Processes","2009"," 1,438 "
"Tasmania","Industrial Processes","2010"," 1,447 "
"Tasmania","Industrial Processes","2011"," 1,507 "
"Tasmania","Industrial Processes","2012"," 1,449 "
"Tasmania","Industrial Processes","2013"," 1,566 "
"Tasmania","Industrial Processes","2014"," 1,602 "
"Tasmania","Industrial Processes","2015"," 1,717 "
"Tasmania","Industrial Processes","2016"," 1,560 "
"Tasmania","Industrial Processes","2017"," 1,718 "
"Tasmania","Industrial Processes","2018"," 1,672 "
"Tasmania","Industrial Processes","2019"," 1,710 "
"Tasmania","Industrial Processes","2020"," 1,501 "
"Tasmania","Industrial Processes","2021"," 1,563 "
"Tasmania","Industrial Processes","2022"," 1,586 "
"Tasmania","Agriculture","1990"," 2,598 "
"Tasmania","Agriculture","1991"," 2,518 "
"Tasmania","Agriculture","1992"," 2,451 "
"Tasmania","Agriculture","1993"," 2,445 "
"Tasmania","Agriculture","1994"," 2,498 "
"Tasmania","Agriculture","1995"," 2,421 "
"Tasmania","Agriculture","1996"," 2,522 "
"Tasmania","Agriculture","1997"," 2,564 "
"Tasmania","Agriculture","1998"," 2,554 "
"Tasmania","Agriculture","1999"," 2,576 "
"Tasmania","Agriculture","2000"," 2,328 "
"Tasmania","Agriculture","2001"," 2,361 "
"Tasmania","Agriculture","2002"," 2,346 "
"Tasmania","Agriculture","2003"," 2,473 "
"Tasmania","Agriculture","2004"," 2,410 "
"Tasmania","Agriculture","2005"," 2,427 "
"Tasmania","Agriculture","2006"," 2,428 "
"Tasmania","Agriculture","2007"," 2,355 "
"Tasmania","Agriculture","2008"," 2,165 "
"Tasmania","Agriculture","2009"," 2,192 "
"Tasmania","Agriculture","2010"," 2,114 "
"Tasmania","Agriculture","2011"," 2,283 "
"Tasmania","Agriculture","2012"," 2,378 "
"Tasmania","Agriculture","2013"," 2,408 "
"Tasmania","Agriculture","2014"," 2,520 "
"Tasmania","Agriculture","2015"," 2,379 "
"Tasmania","Agriculture","2016"," 2,309 "
"Tasmania","Agriculture","2017"," 2,527 "
"Tasmania","Agriculture","2018"," 2,442 "
"Tasmania","Agriculture","2019"," 2,403 "
"Tasmania","Agriculture","2020"," 2,678 "
"Tasmania","Agriculture","2021"," 2,742 "
"Tasmania","Agriculture","2022"," 2,675 "
"Tasmania","Land Use","1990"," 11,263 "
"Tasmania","Land Use","1991"," 14,845 "
"Tasmania","Land Use","1992"," 10,812 "
"Tasmania","Land Use","1993"," 9,092 "
"Tasmania","Land Use","1994"," 8,176 "
"Tasmania","Land Use","1995"," 12,738 "
"Tasmania","Land Use","1996"," 11,081 "
"Tasmania","Land Use","1997"," 6,859 "
"Tasmania","Land Use","1998"," 7,640 "
"Tasmania","Land Use","1999"," 7,667 "
"Tasmania","Land Use","2000"," 10,544 "
"Tasmania","Land Use","2001"," 10,709 "
"Tasmania","Land Use","2002"," 6,292 "
"Tasmania","Land Use","2003"," 5,719 "
"Tasmania","Land Use","2004"," 5,528 "
"Tasmania","Land Use","2005"," 7,347 "
"Tasmania","Land Use","2006"," 2,299 "
"Tasmania","Land Use","2007"," 1,101 "
"Tasmania","Land Use","2008"," 3,342 "
"Tasmania","Land Use","2009"," 1,476 "
"Tasmania","Land Use","2010"," 505 "
"Tasmania","Land Use","2011"," 941 "
"Tasmania","Land Use","2012","-5,878 "
"Tasmania","Land Use","2013","-8,356 "
"Tasmania","Land Use","2014","-11,595 "
"Tasmania","Land Use","2015","-10,793 "
"Tasmania","Land Use","2016","-14,466 "
"Tasmania","Land Use","2017","-10,438 "
"Tasmania","Land Use","2018","-15,076 "
"Tasmania","Land Use","2019","-12,711 "
"Tasmania","Land Use","2020","-13,400 "
"Tasmania","Land Use","2021","-11,975 "
"Tasmania","Land Use","2022","-12,513 "
"Tasmania","Waste","1990"," 568 "
"Tasmania","Waste","1991"," 568 "
"Tasmania","Waste","1992"," 567 "
"Tasmania","Waste","1993"," 567 "
"Tasmania","Waste","1994"," 569 "
"Tasmania","Waste","1995"," 568 "
"Tasmania","Waste","1996"," 565 "
"Tasmania","Waste","1997"," 562 "
"Tasmania","Waste","1998"," 564 "
"Tasmania","Waste","1999"," 564 "
"Tasmania","Waste","2000"," 563 "
"Tasmania","Waste","2001"," 573 "
"Tasmania","Waste","2002"," 568 "
"Tasmania","Waste","2003"," 517 "
"Tasmania","Waste","2004"," 519 "
"Tasmania","Waste","2005"," 442 "
"Tasmania","Waste","2006"," 431 "
"Tasmania","Waste","2007"," 406 "
"Tasmania","Waste","2008"," 413 "
"Tasmania","Waste","2009"," 348 "
"Tasmania","Waste","2010"," 384 "
"Tasmania","Waste","2011"," 379 "
"Tasmania","Waste","2012"," 366 "
"Tasmania","Waste","2013"," 364 "
"Tasmania","Waste","2014"," 364 "
"Tasmania","Waste","2015"," 335 "
"Tasmania","Waste","2016"," 382 "
"Tasmania","Waste","2017"," 408 "
"Tasmania","Waste","2018"," 356 "
"Tasmania","Waste","2019"," 412 "
"Tasmania","Waste","2020"," 384 "
"Tasmania","Waste","2021"," 398 "
"Tasmania","Waste","2022"," 394 "
"Australian Capital Territory","Energy","1990"," 907 "
"Australian Capital Territory","Energy","1991"," 903 "
"Australian Capital Territory","Energy","1992"," 932 "
"Australian Capital Territory","Energy","1993"," 923 "
"Australian Capital Territory","Energy","1994"," 947 "
"Australian Capital Territory","Energy","1995"," 984 "
"Australian Capital Territory","Energy","1996"," 993 "
"Australian Capital Territory","Energy","1997"," 999 "
"Australian Capital Territory","Energy","1998"," 1,027 "
"Australian Capital Territory","Energy","1999"," 942 "
"Australian Capital Territory","Energy","2000"," 1,057 "
"Australian Capital Territory","Energy","2001"," 914 "
"Australian Capital Territory","Energy","2002"," 956 "
"Australian Capital Territory","Energy","2003"," 934 "
"Australian Capital Territory","Energy","2004"," 1,037 "
"Australian Capital Territory","Energy","2005"," 901 "
"Australian Capital Territory","Energy","2006"," 960 "
"Australian Capital Territory","Energy","2007"," 979 "
"Australian Capital Territory","Energy","2008"," 1,011 "
"Australian Capital Territory","Energy","2009"," 1,005 "
"Australian Capital Territory","Energy","2010"," 1,040 "
"Australian Capital Territory","Energy","2011"," 1,086 "
"Australian Capital Territory","Energy","2012"," 1,096 "
"Australian Capital Territory","Energy","2013"," 1,089 "
"Australian Capital Territory","Energy","2014"," 1,054 "
"Australian Capital Territory","Energy","2015"," 1,120 "
"Australian Capital Territory","Energy","2016"," 1,182 "
"Australian Capital Territory","Energy","2017"," 1,136 "
"Australian Capital Territory","Energy","2018"," 1,099 "
"Australian Capital Territory","Energy","2019"," 1,127 "
"Australian Capital Territory","Energy","2020"," 948 "
"Australian Capital Territory","Energy","2021"," 944 "
"Australian Capital Territory","Energy","2022"," 1,060 "
"Australian Capital Territory","Industrial Processes","1990"," 26 "
"Australian Capital Territory","Industrial Processes","1991"," 26 "
"Australian Capital Territory","Industrial Processes","1992"," 26 "
"Australian Capital Territory","Industrial Processes","1993"," 33 "
"Australian Capital Territory","Industrial Processes","1994"," 22 "
"Australian Capital Territory","Industrial Processes","1995"," 23 "
"Australian Capital Territory","Industrial Processes","1996"," 12 "
"Australian Capital Territory","Industrial Processes","1997"," 15 "
"Australian Capital Territory","Industrial Processes","1998"," 18 "
"Australian Capital Territory","Industrial Processes","1999"," 22 "
"Australian Capital Territory","Industrial Processes","2000"," 27 "
"Australian Capital Territory","Industrial Processes","2001"," 34 "
"Australian Capital Territory","Industrial Processes","2002"," 40 "
"Australian Capital Territory","Industrial Processes","2003"," 49 "
"Australian Capital Territory","Industrial Processes","2004"," 56 "
"Australian Capital Territory","Industrial Processes","2005"," 67 "
"Australian Capital Territory","Industrial Processes","2006"," 74 "
"Australian Capital Territory","Industrial Processes","2007"," 85 "
"Australian Capital Territory","Industrial Processes","2008"," 95 "
"Australian Capital Territory","Industrial Processes","2009"," 109 "
"Australian Capital Territory","Industrial Processes","2010"," 116 "
"Australian Capital Territory","Industrial Processes","2011"," 130 "
"Australian Capital Territory","Industrial Processes","2012"," 137 "
"Australian Capital Territory","Industrial Processes","2013"," 143 "
"Australian Capital Territory","Industrial Processes","2014"," 154 "
"Australian Capital Territory","Industrial Processes","2015"," 163 "
"Australian Capital Territory","Industrial Processes","2016"," 169 "
"Australian Capital Territory","Industrial Processes","2017"," 175 "
"Australian Capital Territory","Industrial Processes","2018"," 175 "
"Australian Capital Territory","Industrial Processes","2019"," 189 "
"Australian Capital Territory","Industrial Processes","2020"," 191 "
"Australian Capital Territory","Industrial Processes","2021"," 214 "
"Australian Capital Territory","Industrial Processes","2022"," 209 "
"Australian Capital Territory","Agriculture","1990"," 56 "
"Australian Capital Territory","Agriculture","1991"," 53 "
"Australian Capital Territory","Agriculture","1992"," 50 "
"Australian Capital Territory","Agriculture","1993"," 50 "
"Australian Capital Territory","Agriculture","1994"," 49 "
"Australian Capital Territory","Agriculture","1995"," 44 "
"Australian Capital Territory","Agriculture","1996"," 44 "
"Australian Capital Territory","Agriculture","1997"," 46 "
"Australian Capital Territory","Agriculture","1998"," 38 "
"Australian Capital Territory","Agriculture","1999"," 39 "
"Australian Capital Territory","Agriculture","2000"," 40 "
"Australian Capital Territory","Agriculture","2001"," 50 "
"Australian Capital Territory","Agriculture","2002"," 43 "
"Australian Capital Territory","Agriculture","2003"," 42 "
"Australian Capital Territory","Agriculture","2004"," 40 "
"Australian Capital Territory","Agriculture","2005"," 41 "
"Australian Capital Territory","Agriculture","2006"," 39 "
"Australian Capital Territory","Agriculture","2007"," 36 "
"Australian Capital Territory","Agriculture","2008"," 28 "
"Australian Capital Territory","Agriculture","2009"," 29 "
"Australian Capital Territory","Agriculture","2010"," 23 "
"Australian Capital Territory","Agriculture","2011"," 29 "
"Australian Capital Territory","Agriculture","2012"," 28 "
"Australian Capital Territory","Agriculture","2013"," 28 "
"Australian Capital Territory","Agriculture","2014"," 21 "
"Australian Capital Territory","Agriculture","2015"," 23 "
"Australian Capital Territory","Agriculture","2016"," 27 "
"Australian Capital Territory","Agriculture","2017"," 27 "
"Australian Capital Territory","Agriculture","2018"," 23 "
"Australian Capital Territory","Agriculture","2019"," 18 "
"Australian Capital Territory","Agriculture","2020"," 15 "
"Australian Capital Territory","Agriculture","2021"," 19 "
"Australian Capital Territory","Agriculture","2022"," 33 "
"Australian Capital Territory","Land Use","1990","-174 "
"Australian Capital Territory","Land Use","1991","-89 "
"Australian Capital Territory","Land Use","1992","-222 "
"Australian Capital Territory","Land Use","1993","-191 "
"Australian Capital Territory","Land Use","1994"," 34 "
"Australian Capital Territory","Land Use","1995","-292 "
"Australian Capital Territory","Land Use","1996","-153 "
"Australian Capital Territory","Land Use","1997","-258 "
"Australian Capital Territory","Land Use","1998","-227 "
"Australian Capital Territory","Land Use","1999"," 105 "
"Australian Capital Territory","Land Use","2000","-194 "
"Australian Capital Territory","Land Use","2001","-158 "
"Australian Capital Territory","Land Use","2002","-134 "
"Australian Capital Territory","Land Use","2003"," 15 "
"Australian Capital Territory","Land Use","2004"," 265 "
"Australian Capital Territory","Land Use","2005"," 202 "
"Australian Capital Territory","Land Use","2006"," 203 "
"Australian Capital Territory","Land Use","2007"," 27 "
"Australian Capital Territory","Land Use","2008","-30 "
"Australian Capital Territory","Land Use","2009"," 609 "
"Australian Capital Territory","Land Use","2010"," 241 "
"Australian Capital Territory","Land Use","2011"," 359 "
"Australian Capital Territory","Land Use","2012"," 211 "
"Australian Capital Territory","Land Use","2013"," 139 "
"Australian Capital Territory","Land Use","2014"," 121 "
"Australian Capital Territory","Land Use","2015"," 93 "
"Australian Capital Territory","Land Use","2016","-179 "
"Australian Capital Territory","Land Use","2017","-37 "
"Australian Capital Territory","Land Use","2018","-205 "
"Australian Capital Territory","Land Use","2019","-287 "
"Australian Capital Territory","Land Use","2020","-178 "
"Australian Capital Territory","Land Use","2021","-207 "
"Australian Capital Territory","Land Use","2022","-109 "
"Australian Capital Territory","Waste","1990"," 325 "
"Australian Capital Territory","Waste","1991"," 335 "
"Australian Capital Territory","Waste","1992"," 346 "
"Australian Capital Territory","Waste","1993"," 356 "
"Australian Capital Territory","Waste","1994"," 353 "
"Australian Capital Territory","Waste","1995"," 362 "
"Australian Capital Territory","Waste","1996"," 327 "
"Australian Capital Territory","Waste","1997"," 319 "
"Australian Capital Territory","Waste","1998"," 293 "
"Australian Capital Territory","Waste","1999"," 293 "
"Australian Capital Territory","Waste","2000"," 283 "
"Australian Capital Territory","Waste","2001"," 281 "
"Australian Capital Territory","Waste","2002"," 286 "
"Australian Capital Territory","Waste","2003"," 246 "
"Australian Capital Territory","Waste","2004"," 215 "
"Australian Capital Territory","Waste","2005"," 211 "
"Australian Capital Territory","Waste","2006"," 207 "
"Australian Capital Territory","Waste","2007"," 201 "
"Australian Capital Territory","Waste","2008"," 196 "
"Australian Capital Territory","Waste","2009"," 199 "
"Australian Capital Territory","Waste","2010"," 203 "
"Australian Capital Territory","Waste","2011"," 194 "
"Australian Capital Territory","Waste","2012"," 160 "
"Australian Capital Territory","Waste","2013"," 162 "
"Australian Capital Territory","Waste","2014"," 177 "
"Australian Capital Territory","Waste","2015"," 184 "
"Australian Capital Territory","Waste","2016"," 182 "
"Australian Capital Territory","Waste","2017"," 165 "
"Australian Capital Territory","Waste","2018"," 103 "
"Australian Capital Territory","Waste","2019"," 139 "
"Australian Capital Territory","Waste","2020"," 206 "
"Australian Capital Territory","Waste","2021"," 134 "
"Australian Capital Territory","Waste","2022"," 91 "
"Northern Territory","Energy","1990"," 4,604 "
"Northern Territory","Energy","1991"," 4,275 "
"Northern Territory","Energy","1992"," 4,169 "
"Northern Territory","Energy","1993"," 4,074 "
"Northern Territory","Energy","1994"," 4,006 "
"Northern Territory","Energy","1995"," 4,111 "
"Northern Territory","Energy","1996"," 4,249 "
"Northern Territory","Energy","1997"," 4,448 "
"Northern Territory","Energy","1998"," 4,469 "
"Northern Territory","Energy","1999"," 4,604 "
"Northern Territory","Energy","2000"," 5,453 "
"Northern Territory","Energy","2001"," 5,114 "
"Northern Territory","Energy","2002"," 5,136 "
"Northern Territory","Energy","2003"," 4,311 "
"Northern Territory","Energy","2004"," 4,670 "
"Northern Territory","Energy","2005"," 4,761 "
"Northern Territory","Energy","2006"," 5,481 "
"Northern Territory","Energy","2007"," 5,851 "
"Northern Territory","Energy","2008"," 6,478 "
"Northern Territory","Energy","2009"," 7,212 "
"Northern Territory","Energy","2010"," 7,198 "
"Northern Territory","Energy","2011"," 7,102 "
"Northern Territory","Energy","2012"," 6,944 "
"Northern Territory","Energy","2013"," 7,145 "
"Northern Territory","Energy","2014"," 7,191 "
"Northern Territory","Energy","2015"," 6,164 "
"Northern Territory","Energy","2016"," 6,118 "
"Northern Territory","Energy","2017"," 6,040 "
"Northern Territory","Energy","2018"," 6,800 "
"Northern Territory","Energy","2019"," 13,145 "
"Northern Territory","Energy","2020"," 13,771 "
"Northern Territory","Energy","2021"," 12,774 "
"Northern Territory","Energy","2022"," 12,359 "
"Northern Territory","Industrial Processes","1990"," 122 "
"Northern Territory","Industrial Processes","1991"," 124 "
"Northern Territory","Industrial Processes","1992"," 126 "
"Northern Territory","Industrial Processes","1993"," 133 "
"Northern Territory","Industrial Processes","1994"," 127 "
"Northern Territory","Industrial Processes","1995"," 127 "
"Northern Territory","Industrial Processes","1996"," 121 "
"Northern Territory","Industrial Processes","1997"," 125 "
"Northern Territory","Industrial Processes","1998"," 122 "
"Northern Territory","Industrial Processes","1999"," 126 "
"Northern Territory","Industrial Processes","2000"," 133 "
"Northern Territory","Industrial Processes","2001"," 126 "
"Northern Territory","Industrial Processes","2002"," 142 "
"Northern Territory","Industrial Processes","2003"," 147 "
"Northern Territory","Industrial Processes","2004"," 138 "
"Northern Territory","Industrial Processes","2005"," 105 "
"Northern Territory","Industrial Processes","2006"," 78 "
"Northern Territory","Industrial Processes","2007"," 86 "
"Northern Territory","Industrial Processes","2008"," 121 "
"Northern Territory","Industrial Processes","2009"," 128 "
"Northern Territory","Industrial Processes","2010"," 118 "
"Northern Territory","Industrial Processes","2011"," 137 "
"Northern Territory","Industrial Processes","2012"," 152 "
"Northern Territory","Industrial Processes","2013"," 164 "
"Northern Territory","Industrial Processes","2014"," 132 "
"Northern Territory","Industrial Processes","2015"," 137 "
"Northern Territory","Industrial Processes","2016"," 137 "
"Northern Territory","Industrial Processes","2017"," 133 "
"Northern Territory","Industrial Processes","2018"," 132 "
"Northern Territory","Industrial Processes","2019"," 135 "
"Northern Territory","Industrial Processes","2020"," 134 "
"Northern Territory","Industrial Processes","2021"," 126 "
"Northern Territory","Industrial Processes","2022"," 113 "
"Northern Territory","Agriculture","1990"," 2,251 "
"Northern Territory","Agriculture","1991"," 2,308 "
"Northern Territory","Agriculture","1992"," 2,292 "
"Northern Territory","Agriculture","1993"," 2,270 "
"Northern Territory","Agriculture","1994"," 2,404 "
"Northern Territory","Agriculture","1995"," 2,381 "
"Northern Territory","Agriculture","1996"," 2,508 "
"Northern Territory","Agriculture","1997"," 2,552 "
"Northern Territory","Agriculture","1998"," 2,615 "
"Northern Territory","Agriculture","1999"," 2,609 "
"Northern Territory","Agriculture","2000"," 2,612 "
"Northern Territory","Agriculture","2001"," 2,849 "
"Northern Territory","Agriculture","2002"," 2,996 "
"Northern Territory","Agriculture","2003"," 2,835 "
"Northern Territory","Agriculture","2004"," 2,922 "
"Northern Territory","Agriculture","2005"," 2,927 "
"Northern Territory","Agriculture","2006"," 2,983 "
"Northern Territory","Agriculture","2007"," 3,168 "
"Northern Territory","Agriculture","2008"," 3,379 "
"Northern Territory","Agriculture","2009"," 2,788 "
"Northern Territory","Agriculture","2010"," 3,419 "
"Northern Territory","Agriculture","2011"," 3,615 "
"Northern Territory","Agriculture","2012"," 3,647 "
"Northern Territory","Agriculture","2013"," 3,657 "
"Northern Territory","Agriculture","2014"," 3,596 "
"Northern Territory","Agriculture","2015"," 3,514 "
"Northern Territory","Agriculture","2016"," 3,721 "
"Northern Territory","Agriculture","2017"," 3,643 "
"Northern Territory","Agriculture","2018"," 3,529 "
"Northern Territory","Agriculture","2019"," 3,575 "
"Northern Territory","Agriculture","2020"," 3,001 "
"Northern Territory","Agriculture","2021"," 2,891 "
"Northern Territory","Agriculture","2022"," 2,654 "
"Northern Territory","Land Use","1990"," 9,837 "
"Northern Territory","Land Use","1991"," 11,181 "
"Northern Territory","Land Use","1992"," 12,892 "
"Northern Territory","Land Use","1993"," 12,039 "
"Northern Territory","Land Use","1994"," 12,812 "
"Northern Territory","Land Use","1995"," 14,706 "
"Northern Territory","Land Use","1996"," 16,558 "
"Northern Territory","Land Use","1997"," 13,912 "
"Northern Territory","Land Use","1998"," 16,271 "
"Northern Territory","Land Use","1999"," 14,327 "
"Northern Territory","Land Use","2000"," 15,876 "
"Northern Territory","Land Use","2001"," 11,045 "
"Northern Territory","Land Use","2002"," 9,791 "
"Northern Territory","Land Use","2003"," 10,949 "
"Northern Territory","Land Use","2004"," 2,490 "
"Northern Territory","Land Use","2005"," 3,299 "
"Northern Territory","Land Use","2006"," 9,076 "
"Northern Territory","Land Use","2007"," 8,796 "
"Northern Territory","Land Use","2008"," 2,891 "
"Northern Territory","Land Use","2009"," 7,418 "
"Northern Territory","Land Use","2010"," 1,598 "
"Northern Territory","Land Use","2011","-965 "
"Northern Territory","Land Use","2012","-2,826 "
"Northern Territory","Land Use","2013"," 153 "
"Northern Territory","Land Use","2014"," 3,200 "
"Northern Territory","Land Use","2015"," 1,393 "
"Northern Territory","Land Use","2016"," 2,589 "
"Northern Territory","Land Use","2017"," 4,679 "
"Northern Territory","Land Use","2018"," 493 "
"Northern Territory","Land Use","2019"," 630 "
"Northern Territory","Land Use","2020"," 1,031 "
"Northern Territory","Land Use","2021","-684 "
"Northern Territory","Land Use","2022"," 1,429 "
"Northern Territory","Waste","1990"," 146 "
"Northern Territory","Waste","1991"," 147 "
"Northern Territory","Waste","1992"," 148 "
"Northern Territory","Waste","1993"," 149 "
"Northern Territory","Waste","1994"," 149 "
"Northern Territory","Waste","1995"," 149 "
"Northern Territory","Waste","1996"," 148 "
"Northern Territory","Waste","1997"," 148 "
"Northern Territory","Waste","1998"," 147 "
"Northern Territory","Waste","1999"," 150 "
"Northern Territory","Waste","2000"," 154 "
"Northern Territory","Waste","2001"," 159 "
"Northern Territory","Waste","2002"," 164 "
"Northern Territory","Waste","2003"," 167 "
"Northern Territory","Waste","2004"," 166 "
"Northern Territory","Waste","2005"," 121 "
"Northern Territory","Waste","2006"," 100 "
"Northern Territory","Waste","2007"," 108 "
"Northern Territory","Waste","2008"," 139 "
"Northern Territory","Waste","2009"," 152 "
"Northern Territory","Waste","2010"," 151 "
"Northern Territory","Waste","2011"," 161 "
"Northern Territory","Waste","2012"," 171 "
"Northern Territory","Waste","2013"," 148 "
"Northern Territory","Waste","2014"," 88 "
"Northern Territory","Waste","2015"," 173 "
"Northern Territory","Waste","2016"," 202 "
"Northern Territory","Waste","2017"," 204 "
"Northern Territory","Waste","2018"," 184 "
"Northern Territory","Waste","2019"," 191 "
"Northern Territory","Waste","2020"," 190 "
"Northern Territory","Waste","2021"," 193 "
"Northern Territory","Waste","2022"," 177 "
